Ratio-Depth,encoding time,matching time,Retrieval time (ms),R@1,Size
0-0,0.001333052437,0.006253422257,7.586475,32.02898551,0.10
1-1,0.001278369873,0.006259743632,7.538114,55.2826087,0.10
1-2,0.001330309437,0.006245812299,7.576122,57.21014493,0.10
1-4,0.001276434882,0.006261083872,7.537519,56.1884058,0.10
2-1,0.001287811734,0.006234059213,7.521871,52.75362319,0.10
2-2,0.001193753326,0.006339147471,7.532901,55.47101449,0.10
2-4,0.00125024692,0.006221831018,7.472078,49.7826087,0.10