Dimension,encoding time,matching time,Retrieval time (ms),R@1,Size
128,0.001348220539,0.0002123286759,1.560549,20.39855072,0.10
256,0.001332070413,0.0004112355951,1.743306,31.01449275,0.10
512,0.001352938842,0.0008099662221,2.162905,45.9057971,0.10
1024,0.001333875449,0.00159483051,2.928706,51.8115942,0.10
2048,0.001342250145,0.003129115485,4.471366,56.55797101,0.10
4096,0.001330309437,0.006245812299,7.576122,57.21014493,0.10